{"filename": "pyntcloud_plot", "camera_position": [0.49786, 0.360708, 0.607836], "look_at": [7.692307694236926e-09, 2.5000000012034626e-08, -4.038461538513616e-08], "point_size": 0.00828549, "point_opacity": 0.9, "polylines_points": [], "polylines_colors": []}